Nr;Session1SteadyStatePos1;Session1SteadyStatePos2;Session1SteadyStatePos3;Session1SteadyStatePos4;Session1SteadyStatePos5;Session1SteadyStatePos6;Session1SteadyStatePos7;Session1SteadyStatePos8;Session1DeviantPos1;Session1DeviantPos2;Session1DeviantPos3;Session1DeviantPos4;Session1DeviantPos5;Session1DeviantPos6;Session1DeviantPos7;Session1DeviantPos8;Session1ChangingStatePos1;Session1ChangingStatePos2;Session1ChangingStatePos3;Session1ChangingStatePos4;Session1ChangingStatePos5;Session1ChangingStatePos6;Session1ChangingStatePos7;Session1ChangingStatePos8;Session2SteadyStatePos1;Session2SteadyStatePos2;Session2SteadyStatePos3;Session2SteadyStatePos4;Session2SteadyStatePos5;Session2SteadyStatePos6;Session2SteadyStatePos7;Session2SteadyStatePos8;Session2DeviantPos1;Session2DeviantPos2;Session2DeviantPos3;Session2DeviantPos4;Session2DeviantPos5;Session2DeviantPos6;Session2DeviantPos7;Session2DeviantPos8;Session2ChangingStatePos1;Session2ChangingStatePos2;Session2ChangingStatePos3;Session2ChangingStatePos4;Session2ChangingStatePos5;Session2ChangingStatePos6;Session2ChangingStatePos7;Session2ChangingStatePos8
1;8;6;6;7;5;2;1;3;8;6;7;8;1;0;3;5;8;8;8;8;2;0;1;1;8;6;6;8;0;1;2;3;6;7;8;8;4;3;3;2;8;7;8;7;0;0;2;4
2;8;8;8;8;8;6;4;6;8;8;7;7;7;5;4;4;8;7;7;7;7;5;2;2;8;7;8;8;8;7;5;6;8;7;8;8;7;7;5;4;8;8;8;8;8;7;6;6
3;4;7;4;6;2;3;5;2;6;6;5;3;3;2;2;1;5;5;5;4;2;1;4;3;7;7;7;6;6;3;3;2;8;7;6;7;5;4;3;3;6;6;5;3;1;4;2;2
4;8;8;8;8;7;6;5;5;8;8;8;7;7;5;4;3;8;8;8;8;7;7;2;3;8;7;7;8;5;4;5;5;8;8;7;8;6;5;4;4;8;8;7;7;8;7;3;4
5;8;7;7;5;5;3;6;4;7;6;6;5;4;3;2;1;7;8;5;4;6;5;3;4;8;8;7;7;7;6;5;3;8;7;5;4;5;4;3;4;8;8;8;8;8;6;1;2
6;8;6;6;6;5;4;3;2;7;5;4;3;2;2;4;2;8;2;3;1;2;3;2;3;8;4;4;5;4;3;4;4;8;6;6;3;4;1;2;1;8;6;5;6;4;3;1;4
7;8;6;7;4;4;5;2;0;7;5;6;6;4;2;0;0;6;6;3;3;3;2;1;2;8;6;6;5;4;2;0;1;6;5;3;5;5;5;3;1;5;4;5;5;3;4;0;1
8;8;8;7;8;5;3;2;6;7;7;8;7;7;4;3;4;8;8;8;7;8;6;1;3;8;7;8;8;8;3;6;3;8;7;7;7;7;4;7;6;8;7;6;4;5;0;5;3
9;8;7;6;5;5;6;4;5;7;6;7;6;7;5;3;5;6;5;5;6;5;3;5;2;7;7;6;7;5;6;7;8;8;6;7;6;6;6;5;3;8;6;7;8;4;5;5;4
10;8;6;6;7;7;5;7;6;8;8;7;7;6;6;6;6;7;8;8;6;5;7;4;5;8;8;8;8;6;5;4;4;8;8;8;8;7;5;6;6;7;8;7;7;8;6;6;7
11;7;7;5;5;3;1;2;1;7;6;6;4;2;1;0;1;8;8;8;6;4;1;2;0;8;8;7;5;4;1;1;2;8;8;8;6;6;0;1;0;8;7;5;3;3;0;2;4
12;8;8;6;6;6;5;7;5;7;6;8;6;6;6;6;5;7;6;7;7;5;3;3;6;8;8;8;6;7;5;4;7;8;8;8;7;7;7;6;6;8;7;6;5;6;6;3;6
13;8;8;8;8;6;3;3;5;7;6;7;7;7;7;4;2;8;7;5;5;6;2;3;5;8;8;7;7;6;7;3;2;8;7;7;7;8;6;5;5;8;7;6;7;5;3;3;3
14;7;7;8;8;7;7;7;7;8;7;7;8;8;8;6;5;7;6;6;7;6;5;4;4;8;8;8;8;8;8;7;7;8;8;8;7;6;6;6;7;7;7;8;6;6;8;5;5
15;8;7;7;7;6;4;6;4;8;8;8;7;5;4;4;5;7;4;7;6;5;4;4;4;8;6;8;7;8;6;3;5;7;7;7;8;6;5;6;5;7;7;6;8;5;3;3;3
16;6;6;6;7;6;5;3;4;7;6;7;5;5;2;2;2;6;4;6;6;5;2;5;3;8;6;5;7;6;2;1;3;7;5;4;6;5;3;4;4;6;5;7;8;6;4;0;3
17;6;6;6;5;1;1;0;2;4;5;4;3;1;1;1;1;3;1;2;3;1;1;1;0;7;6;6;7;1;2;1;4;7;6;5;5;1;1;1;3;8;5;7;6;2;1;2;3
18;8;7;6;5;4;3;2;3;7;6;4;5;2;4;2;3;7;6;5;4;5;3;2;4;8;6;5;6;5;3;2;3;8;6;5;3;2;1;4;3;7;5;2;2;5;3;3;3
19;8;8;6;5;6;4;2;4;7;6;5;6;3;2;2;2;8;8;7;5;2;1;2;4;6;5;4;4;5;1;1;1;8;8;7;5;4;1;3;2;8;7;6;5;4;3;1;3
20;8;7;7;8;5;5;5;5;7;6;5;5;4;6;3;3;6;6;6;6;5;4;3;3;8;8;8;8;8;8;8;7;8;8;7;7;7;6;3;3;7;8;7;6;6;5;4;2
21;6;6;7;7;7;8;8;8;7;7;6;5;8;8;8;7;7;6;7;5;8;8;8;8;5;6;5;5;7;8;8;7;8;7;6;5;8;6;7;6;7;6;7;6;8;8;8;8
22;8;8;8;7;7;7;3;4;8;7;7;6;7;7;3;5;8;8;8;7;8;6;7;6;7;7;8;8;8;6;5;4;8;8;8;8;8;6;6;5;7;7;8;7;7;8;4;6
23;4;2;3;1;0;0;1;2;5;3;2;3;2;1;3;0;3;4;1;1;1;1;4;5;5;4;4;4;3;2;2;3;5;5;5;2;1;0;1;3;6;4;5;5;3;1;3;3
24;8;7;5;6;3;2;4;3;8;8;6;6;4;4;0;0;6;5;5;4;6;2;2;3;7;7;6;4;3;4;2;3;6;3;5;3;4;1;1;4;7;7;6;4;5;2;1;1
25;7;7;8;8;6;1;1;3;8;8;7;5;2;5;3;3;5;6;8;7;3;1;1;3;8;8;8;6;3;1;2;1;7;8;7;6;3;2;3;5;8;7;8;7;6;3;1;3
26;8;8;8;8;5;4;4;6;8;8;5;8;4;3;2;4;6;6;7;6;5;4;4;4;7;5;4;7;5;3;5;5;7;6;5;5;4;4;4;4;6;7;4;6;3;5;4;5
27;5;2;2;2;2;1;2;3;4;4;2;3;3;1;2;6;1;1;1;1;4;2;5;8;3;2;2;3;3;4;3;6;3;1;2;3;3;1;3;4;2;1;1;1;1;2;5;7
28;8;5;7;7;7;4;1;6;7;7;7;8;7;5;3;4;6;6;7;7;7;4;3;4;7;7;6;6;6;4;5;3;7;7;6;7;4;3;3;3;7;6;5;5;6;6;2;3
29;6;7;7;6;2;0;1;5;8;8;8;7;3;0;3;4;8;7;8;6;4;1;4;6;7;6;7;7;3;1;4;3;8;8;8;8;6;5;5;3;8;6;8;7;4;3;4;4
30;8;8;5;3;5;3;1;3;8;8;6;6;5;5;2;4;7;8;5;5;5;2;2;1;7;7;5;4;2;3;1;1;7;8;7;6;3;3;4;2;8;7;6;4;5;3;1;1
31;8;7;7;5;3;3;1;2;8;6;7;7;4;3;1;2;8;8;7;7;2;1;0;1;6;7;6;7;6;3;2;5;7;6;6;6;5;4;3;1;7;5;3;6;4;3;1;2
32;8;8;6;6;4;0;1;3;7;5;7;7;6;2;3;3;7;5;7;5;3;2;2;2;8;8;8;8;3;3;3;3;8;8;8;7;6;3;2;4;8;8;7;7;3;3;1;2
33;8;7;6;6;5;3;1;0;7;6;7;4;6;0;1;1;6;7;6;4;2;2;1;2;8;8;8;8;5;0;2;2;6;7;4;6;2;1;1;3;7;7;6;6;2;2;1;2
34;8;7;7;5;3;4;1;0;8;8;7;4;3;5;2;3;8;6;7;4;5;2;0;1;8;6;6;5;5;5;4;1;8;8;7;5;5;4;1;0;8;7;5;3;5;5;0;0
35;8;8;7;8;7;5;4;3;8;6;7;4;6;3;5;6;8;8;5;6;4;4;2;3;7;7;6;5;5;5;6;3;8;8;6;8;3;3;3;3;7;7;4;6;3;4;0;2
36;7;7;6;4;2;2;0;0;6;6;6;4;5;3;3;2;6;7;5;2;3;4;4;3;7;5;6;5;4;4;2;2;6;6;5;4;3;3;1;2;6;7;6;5;3;2;1;1
37;8;8;8;6;3;2;1;1;8;4;3;5;3;1;2;3;6;6;5;6;2;1;1;2;8;8;6;5;2;1;1;3;8;8;7;6;1;0;3;1;8;8;7;6;3;0;0;3
38;7;6;7;8;6;7;6;6;6;6;7;7;7;6;6;5;8;8;7;7;7;7;6;5;8;8;8;7;8;7;8;8;7;6;7;8;6;6;6;7;8;8;8;8;6;5;6;6
39;6;7;6;5;2;4;3;3;7;6;5;5;3;3;2;1;7;8;4;3;2;1;1;3;8;7;5;6;3;3;3;4;8;8;6;5;3;1;2;3;8;6;6;5;2;3;6;4
40;7;8;8;8;5;6;5;7;8;7;6;8;7;6;5;7;7;5;6;7;7;4;6;8;8;8;8;8;8;7;8;8;7;6;5;7;5;5;7;6;8;8;8;8;5;7;6;8
41;8;8;7;7;4;4;4;4;7;7;5;5;2;2;1;4;7;5;5;4;3;2;5;3;8;7;6;7;6;7;1;3;8;5;7;8;5;6;3;3;8;8;7;8;6;6;5;5
42;7;7;7;6;4;2;2;4;6;5;5;3;7;6;3;3;5;3;4;1;4;6;4;5;7;7;6;6;5;4;4;3;7;4;4;4;3;4;3;4;6;6;4;3;3;3;3;4
43;8;7;7;6;6;6;4;3;8;8;8;7;7;6;3;2;8;5;4;6;4;4;3;5;8;8;7;7;7;7;5;6;8;8;8;7;8;6;4;6;7;8;6;6;7;6;6;4
44;7;4;5;3;2;3;5;3;7;4;3;1;3;3;1;1;5;3;1;1;2;1;0;1;4;1;3;1;2;1;1;4;5;4;3;2;1;0;2;2;5;4;0;0;0;2;1;2
45;7;8;7;5;5;5;1;1;8;6;5;6;7;6;3;3;6;7;8;6;5;3;2;1;7;8;7;6;6;5;2;1;8;8;7;4;5;3;0;4;7;5;4;6;5;3;2;3
46;7;7;7;7;7;5;2;3;5;5;2;1;2;1;2;4;4;2;2;2;4;2;0;3;6;5;5;4;6;4;1;2;7;6;4;5;4;3;1;1;4;2;4;4;5;0;2;0
47;8;7;7;6;5;5;2;4;7;6;6;7;4;6;3;2;8;7;6;7;6;7;2;3;8;8;7;7;6;6;5;4;8;8;8;8;6;5;3;4;7;7;6;6;5;5;3;2
48;7;8;5;4;3;2;2;4;5;5;4;4;2;2;4;5;4;3;4;2;2;2;1;3;8;8;6;7;5;6;4;5;8;7;7;7;7;3;4;3;7;8;7;7;4;4;2;3
49;8;5;5;3;4;2;2;0;8;6;5;5;3;2;1;3;8;6;7;5;4;1;2;3;8;7;8;6;4;3;4;4;8;5;4;3;5;3;5;3;7;7;4;1;2;4;2;4
50;8;8;8;8;7;7;3;3;6;5;7;6;5;4;4;5;8;8;8;6;4;3;2;3;7;6;6;6;6;6;4;4;6;7;8;6;4;3;3;4;7;7;8;5;3;3;1;2
51;3;7;7;7;5;5;2;1;3;7;3;6;6;5;3;0;6;6;3;5;4;3;2;1;8;7;8;6;6;4;5;3;8;8;6;5;5;5;2;4;7;7;7;7;7;6;2;2
52;8;8;8;7;5;4;4;3;8;8;8;8;6;2;2;5;8;7;6;5;5;3;2;5;8;8;8;8;6;2;4;5;8;8;8;7;7;4;2;4;8;7;7;7;3;2;2;3
53;6;6;6;5;5;2;3;4;7;6;7;5;4;1;3;6;5;4;4;2;3;3;5;6;7;8;4;4;4;3;2;4;7;6;3;4;5;5;7;6;7;6;6;4;3;4;5;5
54;8;8;8;8;7;8;6;6;7;6;5;4;5;5;4;4;8;8;7;7;7;6;4;7;7;7;7;5;7;7;4;4;8;8;8;8;7;7;7;5;8;8;7;7;5;6;4;6
55;8;6;6;6;8;5;4;4;8;7;6;5;5;5;3;2;7;7;7;7;6;5;0;1;7;7;6;8;6;7;4;3;8;7;7;6;4;3;3;3;8;7;7;8;8;3;3;3
56;7;7;7;7;3;3;2;2;7;5;6;6;4;2;1;4;8;7;7;8;6;5;5;2;7;7;5;4;5;4;3;3;7;7;7;5;4;2;2;0;6;5;5;7;6;2;2;3
57;7;7;7;7;7;2;2;4;8;6;8;5;4;1;2;1;8;6;3;3;1;3;1;3;8;7;7;6;6;4;2;6;8;8;8;8;7;3;2;1;8;7;8;8;5;3;3;2
58;4;4;3;3;0;4;4;5;8;8;7;4;2;1;0;2;5;3;3;0;2;3;2;2;6;7;7;5;4;1;0;3;4;3;1;3;1;1;0;2;3;2;1;3;0;0;0;1
59;7;8;7;8;8;7;7;7;6;7;8;8;7;8;7;8;5;5;6;7;5;5;5;6;6;6;8;7;7;7;7;7;6;4;5;8;6;8;7;8;3;3;4;7;6;7;7;7
60;8;8;8;7;8;7;5;8;8;8;8;8;6;6;5;5;8;7;8;7;8;8;5;5;8;8;8;8;8;8;5;5;8;8;7;8;8;7;7;4;8;8;8;8;8;8;5;2
61;8;5;7;5;3;5;1;3;7;7;7;7;6;3;2;5;7;6;7;5;2;2;2;6;7;4;6;3;3;2;3;3;7;5;3;6;6;1;3;5;7;5;6;5;2;1;1;3
62;8;8;7;5;5;4;3;5;8;6;5;6;5;3;2;3;8;6;5;4;1;2;3;3;6;6;7;5;6;4;1;4;8;8;4;5;3;3;4;3;8;5;3;3;4;3;0;3
63;7;7;8;8;6;3;1;0;8;6;6;7;6;3;3;3;8;6;7;6;5;2;2;2;8;6;6;5;6;5;2;1;8;7;7;6;5;1;2;3;8;7;7;8;7;6;1;1
64;8;8;7;7;7;8;3;1;7;6;5;7;7;6;3;1;8;5;7;6;3;5;6;3;8;7;8;6;6;6;3;2;6;2;3;6;4;6;3;4;7;6;7;7;6;8;4;3
65;7;6;6;7;1;1;3;5;7;7;7;5;3;2;0;2;6;7;5;5;2;2;4;3;6;7;4;6;6;6;2;3;4;7;6;5;3;4;3;2;7;7;5;5;4;6;4;3
66;8;6;5;6;4;2;3;3;8;8;7;6;5;4;2;5;7;7;4;3;4;3;3;1;8;8;7;5;3;1;2;3;8;7;7;7;4;3;3;3;8;7;7;4;4;3;3;3
67;7;8;7;7;4;3;0;2;8;8;8;8;3;5;2;3;4;3;3;3;1;5;3;4;8;8;8;7;8;6;5;3;7;8;8;8;8;5;4;5;8;8;8;7;5;4;5;7
68;8;8;6;6;6;1;1;1;8;7;6;6;7;3;1;1;8;8;8;8;6;2;2;1;8;6;6;7;3;4;3;5;8;7;8;8;5;0;2;2;8;8;7;7;5;2;0;2
69;6;6;5;1;1;1;2;3;7;6;7;5;1;2;1;2;5;4;4;5;1;3;3;4;4;3;6;5;3;1;0;1;5;5;3;4;4;4;1;2;7;6;5;3;4;1;2;4
70;8;8;8;7;7;8;8;6;8;8;8;8;8;8;7;6;8;8;8;8;8;7;5;4;8;8;8;8;7;8;7;8;8;7;8;8;6;7;7;7;8;8;8;8;8;8;8;8
71;8;8;8;8;8;8;8;8;8;8;8;8;8;8;8;8;8;7;7;8;8;8;8;8;8;8;8;8;8;8;8;8;8;8;8;8;8;8;8;8;8;8;8;8;7;7;8;8
72;8;6;6;7;8;2;1;0;7;8;8;7;5;2;2;0;8;7;8;6;7;1;1;1;8;7;8;7;7;6;1;1;7;7;7;7;8;4;1;1;8;8;8;7;6;6;2;0
73;7;6;5;4;5;2;2;5;7;5;4;7;5;6;5;5;4;7;5;4;6;3;4;2;5;5;5;4;6;4;2;4;5;3;5;5;7;4;2;4;4;3;6;3;5;2;4;7
74;7;7;6;7;4;4;4;4;6;6;5;6;2;3;4;5;8;6;5;6;2;2;1;2;8;8;6;4;4;3;3;2;6;5;4;4;4;4;5;4;6;7;8;5;4;2;3;2
75;7;8;6;5;3;4;4;4;8;7;6;6;6;3;3;3;8;6;6;6;3;4;3;2;8;7;8;6;2;5;1;2;7;8;6;7;4;4;2;2;6;4;4;3;4;2;3;2
76;6;5;4;7;5;3;5;4;4;5;4;4;5;3;4;4;6;7;4;8;5;4;4;6;6;7;6;8;6;6;5;6;7;7;5;7;4;4;4;4;5;6;4;5;4;2;2;4
77;8;8;7;7;6;4;3;2;8;8;7;6;4;4;5;4;8;6;6;5;3;1;0;2;8;8;8;8;7;5;1;3;8;8;8;8;7;2;2;1;8;8;8;8;5;6;4;4
78;8;8;8;8;8;8;4;2;7;6;7;4;6;4;2;1;8;7;7;5;5;6;3;4;8;8;8;7;7;7;5;2;8;8;7;7;7;5;2;0;8;6;6;6;6;6;3;3
79;8;6;5;6;6;4;2;1;7;7;4;5;2;3;5;3;8;6;6;6;4;3;1;1;7;6;5;4;3;2;1;3;8;8;8;7;5;2;4;2;8;7;8;6;5;6;2;3
80;7;5;3;5;5;1;2;1;7;5;5;4;4;2;2;2;7;4;3;2;2;2;1;4;8;7;7;7;5;2;3;1;8;7;8;7;6;4;4;6;8;8;7;7;5;0;2;5
81;7;6;7;4;5;2;2;5;7;6;6;6;4;5;3;3;7;7;4;3;4;1;2;5;8;5;7;7;6;5;3;2;8;8;8;7;4;3;5;6;8;6;6;4;4;2;4;5
82;7;6;5;6;6;3;3;4;8;8;8;7;7;2;1;4;8;8;8;8;4;3;2;3;7;6;7;8;5;4;3;7;8;7;6;6;8;4;1;1;8;7;6;7;7;2;3;3
83;7;8;7;7;7;5;3;2;7;3;5;6;6;2;2;4;6;5;7;6;6;5;1;4;8;8;7;8;7;4;2;3;8;8;6;6;7;3;1;4;7;7;5;6;7;1;2;1
84;8;5;5;6;7;7;4;2;7;8;7;8;7;4;3;3;8;6;6;6;4;4;4;1;7;5;5;8;6;7;6;4;8;6;6;8;8;6;5;5;7;4;4;7;8;6;5;3
85;6;5;6;6;4;3;5;5;8;7;6;3;4;3;4;4;7;8;6;5;5;6;6;6;8;7;7;6;5;6;5;3;6;7;7;7;5;3;2;0;5;5;3;1;0;0;1;2
86;4;4;5;4;4;5;1;2;3;1;3;4;7;7;7;6;5;5;5;6;6;6;4;5;5;3;4;2;6;3;3;4;5;3;3;7;4;6;4;3;6;5;5;2;2;1;1;3
87;8;8;8;8;8;2;5;6;7;8;8;8;4;5;4;6;8;8;7;7;2;2;6;7;7;7;7;7;5;4;2;6;7;7;8;8;7;4;7;7;8;8;8;8;6;2;4;4
88;7;7;6;5;5;2;1;4;7;7;7;6;7;4;1;4;7;6;6;4;5;4;2;4;8;8;8;8;8;3;0;3;8;8;8;7;6;2;3;3;7;7;8;8;6;6;2;4
89;7;7;7;4;3;4;1;4;6;7;7;5;5;2;0;2;5;4;1;3;2;0;2;4;6;6;7;6;5;3;4;2;7;8;7;7;5;4;0;4;7;4;6;5;5;4;2;2
90;6;5;4;6;5;2;1;5;8;6;5;4;1;1;1;1;5;7;5;2;1;5;4;5;7;8;8;4;0;1;0;4;8;7;8;5;0;0;1;5;6;7;6;3;0;0;0;3
91;8;8;8;8;8;6;6;7;7;8;8;8;7;5;4;7;8;7;7;8;4;2;4;6;8;8;7;7;8;8;6;6;8;8;8;8;7;7;5;4;8;8;8;7;6;6;6;6
92;8;8;8;8;8;7;8;6;8;8;8;8;6;5;7;4;7;8;7;7;8;5;8;5;8;8;8;8;7;6;5;4;7;7;7;7;7;5;6;4;8;7;8;8;6;5;6;7
93;7;8;6;6;4;4;0;0;7;6;6;6;3;0;1;1;5;5;3;3;3;3;4;3;7;7;6;6;5;0;2;4;4;4;2;3;2;2;1;4;5;4;2;2;2;4;5;5
94;8;8;8;6;7;6;5;6;8;8;5;6;5;3;2;3;8;7;7;7;2;3;2;3;8;8;8;8;8;4;1;1;8;8;7;7;7;3;3;0;8;7;6;6;5;3;3;3
95;8;5;2;2;8;8;8;8;8;4;4;4;8;5;5;7;8;3;3;6;8;8;8;7;8;6;5;2;7;6;7;7;8;5;6;3;8;8;8;8;8;4;3;4;8;8;8;8
96;8;8;7;7;6;3;3;4;7;8;7;5;2;0;1;2;8;7;8;5;4;0;1;1;7;7;7;7;2;2;2;3;8;7;7;6;4;1;3;1;8;8;8;6;1;3;1;2
97;8;6;7;7;8;1;0;4;7;7;7;7;6;3;3;0;7;6;5;4;5;2;0;4;8;7;8;7;7;1;2;1;8;7;8;5;6;2;4;5;7;7;8;7;5;2;1;2
98;8;8;8;8;5;4;1;3;8;8;8;7;5;3;1;1;7;6;6;5;1;0;1;1;6;5;5;5;2;2;1;3;7;5;4;4;2;3;0;2;6;7;6;6;3;5;4;3
99;8;8;8;7;7;3;2;5;7;6;8;7;7;1;2;6;7;8;8;8;3;3;5;3;8;8;8;6;6;4;5;3;7;7;6;7;4;2;1;3;7;7;7;6;6;6;2;2
100;8;8;8;8;5;2;3;4;8;8;8;7;0;0;1;3;8;7;6;7;1;2;2;4;8;8;7;6;2;1;0;3;8;8;7;5;5;3;2;5;8;7;7;6;1;2;2;4
101;6;4;5;6;7;6;1;5;3;5;5;3;3;4;3;2;6;4;5;3;2;6;4;2;8;7;7;6;6;7;4;2;5;6;6;5;5;4;4;4;6;5;5;4;3;5;2;2
102;8;8;8;7;8;8;8;8;8;8;8;8;8;8;8;8;8;8;7;8;7;7;7;8;8;8;8;8;7;6;7;8;8;7;7;8;8;7;7;6;8;8;8;7;7;7;7;7
103;8;7;8;5;1;0;0;1;8;7;4;5;2;1;1;3;8;8;7;7;5;1;4;0;6;7;6;6;1;1;0;1;8;8;7;5;4;2;1;2;8;8;7;7;5;0;0;2
104;5;5;8;8;4;3;4;3;4;6;5;6;2;2;0;2;6;6;5;6;3;3;3;4;6;7;6;6;2;2;3;0;6;5;5;5;4;4;2;2;5;4;4;7;2;1;2;2
105;8;8;8;8;8;7;6;6;7;6;8;8;7;4;5;4;6;7;8;8;6;4;2;4;7;5;6;6;7;7;2;4;6;6;7;8;7;5;4;4;7;6;6;7;8;7;5;6
106;7;7;7;6;5;5;3;3;8;8;6;5;6;6;5;4;7;7;8;7;6;3;4;2;6;8;8;6;6;3;2;5;7;7;6;4;5;2;3;5;4;7;6;8;4;3;3;4
107;7;7;6;6;4;2;1;2;7;5;5;7;6;3;1;1;6;7;7;4;3;2;3;2;8;7;7;8;4;3;3;3;8;7;4;3;4;2;2;4;7;7;5;7;4;5;4;6
108;8;8;4;5;6;7;2;2;6;7;4;6;3;2;2;2;7;7;5;4;3;3;1;2;7;8;8;8;7;6;2;5;8;7;6;5;7;5;1;3;6;8;7;5;5;5;2;2
109;8;8;7;6;4;4;3;1;8;6;8;7;4;2;2;2;6;6;5;6;7;2;1;3;6;7;6;4;4;2;2;4;8;7;6;7;4;3;5;5;8;8;8;8;5;4;3;4
110;4;8;6;7;6;5;1;0;6;8;5;7;7;7;3;2;7;8;7;7;7;6;2;0;8;8;8;8;8;8;1;4;7;8;8;7;8;6;1;0;8;8;6;7;6;6;2;1
111;7;6;7;7;5;5;1;1;6;6;5;3;1;4;3;1;4;5;6;3;2;2;3;3;7;7;6;7;6;5;3;5;8;6;7;4;4;1;2;3;7;5;5;7;3;3;3;3
112;7;7;7;7;7;7;5;5;8;7;6;7;8;7;7;7;6;6;6;6;4;7;5;5;7;7;7;7;7;6;6;7;8;8;8;8;7;7;8;8;8;8;8;7;7;7;7;7
113;8;6;5;4;2;3;3;2;7;5;5;3;2;3;4;3;5;5;6;4;3;3;3;3;7;7;6;6;4;4;3;4;8;7;5;6;6;5;3;3;8;6;6;5;5;6;4;4
114;7;6;5;4;4;1;1;1;6;5;4;4;3;0;1;3;6;5;4;3;2;1;1;2;8;8;6;5;4;2;2;2;6;4;3;3;1;1;2;2;7;4;4;5;3;1;3;0
115;8;7;6;3;1;1;2;3;8;5;3;2;1;3;2;2;6;4;2;2;1;0;1;2;8;7;2;1;3;2;0;4;8;7;6;4;5;2;1;3;8;7;3;4;2;2;0;1
116;7;7;7;7;6;5;6;6;8;7;7;6;4;5;5;5;8;8;8;6;6;6;6;7;8;8;7;8;7;7;7;8;8;8;8;8;7;8;8;8;8;8;8;7;7;8;8;8
117;8;8;8;8;3;5;3;3;7;7;6;5;3;3;4;5;7;5;5;5;3;4;4;4;8;8;8;7;3;3;4;3;7;7;6;6;2;1;1;2;8;8;8;8;5;5;3;4
118;7;7;7;8;6;7;1;2;8;8;8;7;6;6;3;3;7;6;7;7;4;2;3;4;7;7;8;8;7;7;5;4;8;8;8;6;7;4;1;3;8;7;7;7;5;3;0;2
119;8;6;6;2;4;2;3;1;7;5;4;4;7;4;2;1;7;6;5;1;3;2;0;0;8;6;6;4;4;4;2;4;6;7;7;6;6;4;1;2;8;6;6;7;6;4;2;6
120;8;8;7;8;1;2;4;4;6;7;6;7;5;3;0;2;7;7;8;7;1;1;2;3;8;6;7;8;7;3;3;3;8;7;7;8;7;3;2;4;8;8;5;4;7;3;0;3
121;6;5;4;4;3;1;2;3;8;8;8;6;1;1;0;4;8;5;5;5;0;3;1;3;8;7;6;4;3;1;2;2;8;7;5;3;0;2;1;2;5;7;5;3;1;3;1;2
122;6;5;5;5;1;3;1;2;4;3;3;1;2;1;5;3;7;7;7;5;3;2;2;2;8;6;5;5;3;3;4;3;7;5;4;4;2;3;1;2;7;7;8;5;1;0;1;3
123;8;6;3;3;3;1;0;1;7;6;5;2;4;1;1;2;6;4;4;2;1;2;1;1;8;8;6;3;2;2;2;2;8;8;7;5;0;0;2;0;8;7;5;3;0;0;3;1
124;7;6;6;7;7;3;4;4;8;6;6;7;7;7;6;5;7;8;7;7;4;6;5;7;7;7;7;6;7;5;5;7;8;8;8;8;8;8;7;7;7;6;4;5;5;5;4;4
125;8;8;5;5;6;3;2;1;7;5;4;6;5;2;0;1;7;6;7;4;5;3;4;2;8;6;7;6;4;6;3;1;6;8;7;6;7;4;4;1;7;4;3;3;3;4;1;1
126;8;8;6;6;4;3;2;1;8;8;7;7;4;1;1;2;8;7;7;7;6;5;0;3;8;8;7;7;3;1;1;2;8;8;7;6;3;4;3;0;7;7;7;6;5;2;1;3
127;8;7;7;5;4;1;0;3;8;7;6;5;1;0;1;3;8;7;6;7;5;3;2;1;8;7;6;5;3;1;3;4;8;8;7;7;2;1;1;6;7;7;7;6;5;0;2;4
128;8;7;5;5;4;4;3;1;8;7;6;5;2;1;1;2;7;8;3;2;3;1;0;1;7;6;6;6;1;0;1;3;7;7;6;4;4;2;1;0;7;6;5;2;1;2;0;1
129;8;7;7;7;6;2;1;1;8;8;6;5;1;2;2;3;8;7;7;2;1;0;2;1;8;8;6;4;2;2;0;0;8;8;3;2;5;1;1;1;7;8;8;7;4;2;3;2
130;7;8;8;8;8;5;4;3;6;7;7;7;7;2;2;2;8;8;7;8;8;4;2;2;8;8;8;8;8;5;4;1;8;8;8;8;8;6;5;2;7;8;8;8;7;4;4;3
131;7;6;5;3;4;2;1;1;8;7;6;5;7;5;1;2;8;3;2;5;6;3;2;4;8;6;6;6;5;4;1;2;8;8;4;5;3;4;2;1;8;6;5;5;5;2;1;3
132;7;5;6;5;5;4;3;2;6;6;5;3;1;2;1;2;7;3;3;3;4;2;1;2;8;6;7;5;4;4;1;2;7;7;5;4;2;1;2;1;6;5;3;2;3;1;1;2
133;8;8;8;8;7;7;4;2;8;8;8;8;8;7;7;5;8;7;7;6;6;6;4;3;8;8;8;8;8;7;6;5;8;8;8;8;8;7;5;6;8;8;8;8;6;3;4;3
134;7;8;7;4;4;0;0;2;8;7;6;5;3;1;1;0;5;7;4;5;3;0;1;1;6;5;5;5;5;3;2;2;8;8;8;5;7;0;0;4;7;6;5;4;4;1;1;0
135;7;8;6;8;7;6;4;3;8;6;6;4;6;5;2;4;8;7;7;6;3;2;1;3;8;8;8;7;7;5;2;4;8;8;7;7;7;6;1;2;8;8;6;6;3;5;1;2
136;8;8;8;6;5;5;6;7;8;8;8;8;7;6;6;8;6;6;6;7;6;6;6;6;8;7;7;8;8;6;6;8;8;6;6;7;7;5;7;8;8;8;8;7;8;8;8;8
137;7;7;6;7;4;3;5;7;6;6;6;5;5;4;4;4;7;6;7;7;1;2;2;4;8;7;6;6;3;1;1;5;6;5;4;7;2;2;5;5;7;7;7;6;3;3;4;6
138;8;7;7;7;7;3;2;4;8;7;7;7;7;5;2;6;7;7;6;7;6;4;3;4;8;7;7;8;8;6;4;5;7;7;6;6;8;6;4;4;8;5;5;5;7;8;5;4
139;7;8;7;5;4;5;4;7;6;6;5;4;5;5;4;4;8;8;8;8;3;2;2;0;8;7;7;8;6;5;3;1;8;8;7;8;6;6;6;4;8;8;8;7;6;5;6;5
140;8;8;6;5;3;2;1;2;8;8;5;5;5;6;2;2;8;8;5;3;4;2;1;1;8;7;6;4;4;6;3;3;8;8;6;5;3;3;1;1;8;8;7;5;6;4;4;1
141;7;8;8;8;6;6;4;5;8;8;8;8;6;6;4;3;8;7;7;7;8;6;6;5;8;8;7;7;6;6;7;7;8;8;8;8;8;8;8;8;7;7;7;7;8;6;6;6
142;5;4;3;3;4;2;1;4;7;7;5;5;3;4;3;3;4;4;4;5;4;1;3;3;6;6;6;5;3;2;1;2;8;8;8;6;5;1;2;1;7;7;6;7;5;3;2;1
143;8;8;8;6;6;7;4;5;8;8;7;6;4;5;5;5;4;4;6;7;5;7;5;7;8;8;8;7;8;7;6;5;8;6;7;8;7;7;5;6;6;7;7;5;6;5;4;5
144;8;8;8;7;2;0;1;3;7;7;8;5;3;0;5;4;7;8;8;5;1;1;1;3;7;7;7;6;2;3;1;4;8;7;7;7;3;2;1;2;5;8;8;7;4;4;1;2
145;8;7;7;5;5;6;2;3;8;8;5;5;7;3;4;3;8;6;6;4;5;6;2;3;8;7;7;8;6;6;3;5;8;8;8;8;8;5;6;7;6;8;8;8;7;3;3;4
146;7;4;3;3;3;3;3;4;7;6;6;2;3;2;2;3;6;5;5;5;2;0;1;2;7;7;8;5;4;1;0;1;8;6;6;4;5;3;0;0;6;8;7;8;5;3;1;2
147;7;7;7;7;7;8;3;2;8;8;8;6;6;7;3;4;8;7;7;7;6;5;2;0;8;8;7;8;8;6;3;1;8;8;8;7;7;8;3;4;8;6;7;6;5;4;3;1
148;8;7;6;5;4;2;1;4;7;8;8;4;3;3;1;3;8;7;4;3;1;1;3;3;8;8;7;4;5;2;2;7;7;7;7;5;5;3;2;3;8;8;7;6;4;3;0;2
149;8;7;7;6;6;2;3;5;8;7;7;8;8;2;0;3;8;7;7;8;8;5;0;5;8;7;7;8;8;2;1;2;8;8;8;7;7;3;1;1;7;7;6;8;5;1;2;3
150;8;8;6;7;5;2;0;2;7;7;5;4;3;4;2;1;8;7;3;3;5;5;2;0;8;8;6;6;6;6;1;1;8;7;6;6;5;5;1;4;8;8;6;5;4;4;1;2
151;8;8;8;8;3;3;3;5;7;6;7;8;7;7;5;6;7;7;7;7;5;3;3;4;8;7;7;6;4;5;1;2;8;7;7;8;2;2;2;3;7;5;6;7;5;3;3;4
152;4;5;3;3;1;1;3;1;7;5;6;3;1;3;0;3;5;4;3;0;1;2;2;1;6;4;5;4;3;1;1;0;8;7;4;3;3;2;2;1;5;4;3;3;1;1;1;2
153;8;8;7;7;5;4;4;3;8;8;7;6;5;3;4;2;8;7;6;5;5;3;4;1;8;8;7;7;8;6;3;1;7;7;7;3;2;4;2;3;7;6;4;2;3;4;2;1
154;7;7;6;5;4;2;2;1;6;3;3;4;3;2;2;3;7;7;5;5;2;2;2;2;6;5;5;5;2;2;0;2;7;8;8;7;3;1;2;4;4;4;4;5;2;3;3;6
155;8;8;7;6;5;2;3;4;7;7;6;4;6;4;0;4;7;7;6;6;2;2;4;4;8;7;6;7;6;3;5;8;8;8;7;6;6;4;4;7;7;8;8;8;5;1;3;7
156;8;8;7;6;4;4;4;1;8;8;8;6;5;2;2;0;8;8;7;6;4;3;2;2;8;8;7;6;5;7;5;1;8;5;6;5;5;5;2;2;8;8;5;6;6;3;1;2
157;8;8;6;4;4;1;1;2;7;7;7;6;5;3;1;1;8;8;8;6;3;1;3;2;8;8;6;5;4;4;3;1;8;8;6;5;5;5;2;2;8;7;5;2;4;2;1;4
158;8;6;5;4;4;2;4;5;8;8;5;4;1;1;2;1;8;7;5;4;2;2;1;4;7;6;3;4;5;0;0;3;6;6;5;4;4;4;5;3;7;7;7;5;4;3;3;3
159;8;7;8;8;8;5;4;4;8;8;8;8;5;5;5;5;8;8;8;8;6;4;2;2;8;8;8;8;7;5;3;5;8;7;7;6;6;2;1;2;8;8;6;5;3;4;3;3
160;8;8;8;8;8;7;7;7;8;7;7;6;6;4;3;4;7;6;7;8;7;7;5;4;8;7;5;7;6;6;5;4;7;7;7;8;6;6;4;5;6;4;7;5;5;4;3;3
161;8;6;6;7;4;2;2;5;7;7;5;5;4;3;3;3;8;6;5;5;3;2;3;2;8;7;7;5;3;5;6;6;8;6;7;6;5;3;6;5;7;5;7;4;4;4;3;3
162;7;7;8;7;7;7;0;1;7;7;8;7;8;7;1;2;7;8;8;7;5;5;0;0;6;8;7;8;7;4;2;2;8;8;6;7;6;4;1;0;5;4;5;5;3;3;0;2
163;8;7;7;8;6;7;5;3;8;7;7;8;7;7;4;6;8;7;7;5;2;3;5;4;8;7;7;6;6;4;6;7;8;7;7;8;7;4;6;2;7;6;5;5;6;6;5;5
164;6;7;6;5;4;5;4;6;8;8;6;6;5;3;3;2;7;7;7;6;5;2;2;2;7;6;8;7;7;6;3;2;6;6;7;6;6;5;4;6;7;5;7;2;4;4;2;3
165;7;5;5;5;5;2;2;4;8;8;6;5;5;2;3;3;5;4;5;5;5;5;1;2;8;8;8;8;4;1;2;3;7;6;6;7;2;1;1;3;5;5;4;5;3;2;3;4
166;7;6;7;5;5;2;1;3;7;6;5;5;4;1;0;1;8;6;5;6;6;2;2;2;7;6;4;5;2;3;3;5;6;6;3;3;3;4;3;4;8;6;7;6;3;3;1;4
167;5;5;4;3;2;1;2;1;7;5;4;4;1;0;1;2;6;4;4;3;1;2;0;1;7;5;5;5;2;2;1;4;7;4;5;3;1;2;1;1;6;4;4;2;2;2;2;2
168;8;8;8;8;8;3;0;5;8;8;8;8;7;4;0;3;7;7;6;7;5;2;1;4;8;8;8;8;8;6;6;6;8;8;7;5;5;3;3;3;8;8;8;8;8;7;2;3
169;8;7;7;7;4;2;2;2;8;8;8;8;4;3;3;2;8;8;8;7;3;3;3;5;8;8;6;6;5;2;5;1;7;7;6;6;2;3;0;1;8;8;7;7;2;3;1;2
170;8;7;7;7;7;4;2;3;7;7;6;6;4;2;1;1;7;7;7;8;7;2;1;2;7;8;6;5;5;5;2;1;8;8;8;7;6;2;4;0;6;7;4;1;1;2;1;0
171;8;8;8;7;6;6;5;7;8;8;6;6;7;4;4;7;8;8;7;5;6;6;2;3;6;6;5;7;6;5;5;5;7;8;6;8;6;7;5;6;7;7;6;7;5;5;4;5
172;8;7;5;6;7;5;3;4;6;5;6;7;8;6;1;4;6;6;7;5;4;4;2;3;8;7;3;6;8;6;4;6;7;8;7;6;4;5;3;3;6;5;2;2;5;5;5;5
173;8;5;5;2;2;0;3;1;6;3;3;3;3;2;2;1;8;5;5;2;3;4;4;2;7;5;5;4;2;0;1;1;7;5;4;3;2;2;0;3;8;5;2;1;0;1;1;1
174;4;7;3;7;4;4;2;2;8;8;7;8;6;5;3;1;4;3;3;5;3;4;2;1;7;8;7;6;8;4;2;4;8;8;7;6;5;4;2;0;7;6;7;4;5;2;3;2
175;8;8;8;5;3;1;3;2;8;6;6;4;1;0;1;0;6;6;4;5;2;2;3;3;7;7;5;5;4;1;2;3;7;7;6;5;4;2;2;1;8;7;5;5;3;3;2;2
176;8;8;8;8;8;8;7;7;8;8;8;8;7;4;6;5;8;8;8;8;8;4;4;4;7;8;8;8;8;8;8;8;8;8;8;8;8;8;7;6;7;7;6;6;3;4;4;6
177;8;7;8;8;3;2;5;5;8;8;8;7;6;3;0;3;7;7;6;7;6;6;4;5;6;7;7;8;5;5;6;6;8;8;8;8;5;4;2;4;7;8;6;7;4;3;4;4
178;8;6;4;7;8;6;3;0;7;7;5;4;4;2;1;1;7;7;5;4;3;1;3;0;8;7;7;7;6;6;5;3;8;8;7;6;6;2;2;1;8;7;4;4;5;3;0;1
179;8;6;7;3;7;4;1;1;7;4;2;1;2;2;0;0;7;4;4;2;3;2;1;3;7;6;7;2;3;5;3;1;6;6;5;4;5;4;4;4;6;5;3;4;5;2;3;2
180;8;7;7;7;5;0;2;5;7;8;3;4;4;2;2;3;7;5;3;2;2;2;0;3;8;7;6;5;4;2;2;2;8;7;6;4;3;1;1;0;6;4;4;1;4;1;2;2
181;8;8;7;7;3;4;4;3;8;8;7;6;6;5;6;4;8;8;8;8;4;2;3;3;7;8;7;7;5;5;6;4;8;7;5;6;7;6;5;6;8;8;8;8;8;8;7;4
182;7;7;8;6;4;4;5;5;7;7;6;6;6;7;0;4;8;6;8;6;5;4;2;4;7;7;7;5;7;7;3;3;8;8;7;6;6;6;6;5;6;6;8;8;8;6;3;3
183;8;7;6;5;4;4;4;4;8;8;8;7;5;5;7;8;7;6;5;4;3;1;3;3;6;5;4;5;4;3;3;6;7;5;6;4;4;6;6;7;6;5;4;4;3;5;4;4
184;7;5;6;5;3;3;1;3;7;7;5;7;6;6;3;3;8;8;7;8;4;3;2;0;8;8;6;7;6;4;3;3;8;8;8;8;5;3;1;3;8;7;6;5;3;4;3;4
185;8;6;5;3;3;1;3;6;7;6;5;7;5;2;2;5;6;5;3;4;1;4;1;3;7;4;5;5;4;1;3;4;8;7;5;4;3;1;1;6;7;7;4;6;3;0;3;2
186;8;7;7;6;7;4;4;3;7;7;7;6;7;4;1;3;8;8;8;7;7;4;2;4;8;7;7;6;6;5;1;3;8;8;7;7;7;2;3;3;6;6;6;7;8;4;1;6
187;5;6;3;4;2;2;2;4;6;6;6;6;5;3;4;3;7;6;6;6;3;4;0;0;7;6;6;6;5;3;2;4;7;7;6;5;5;5;4;5;7;4;4;2;3;5;3;5
188;7;7;5;5;5;0;0;0;6;5;5;3;1;0;2;1;6;5;5;4;1;2;3;3;8;8;8;7;1;1;3;4;8;8;7;4;1;2;1;2;8;8;8;4;2;0;1;2
189;8;8;8;8;8;5;4;4;8;7;6;7;7;6;5;2;8;7;7;8;7;5;6;2;8;8;8;8;8;7;4;6;8;7;8;6;6;5;4;5;6;6;7;7;6;6;6;3
190;7;8;6;5;5;4;4;3;5;7;3;5;3;3;1;1;8;7;6;5;2;4;3;1;7;8;6;8;5;5;2;3;5;8;5;7;3;4;1;1;7;8;6;5;5;5;4;2
191;7;6;6;6;6;2;2;2;2;3;2;3;2;3;4;2;6;5;7;5;2;1;1;3;7;8;7;7;2;1;0;1;6;5;5;5;2;1;2;1;5;6;5;5;1;1;0;0
192;8;7;8;7;7;6;5;1;8;6;8;6;7;3;3;3;6;6;6;5;6;5;4;0;8;8;8;8;7;7;4;4;8;8;8;8;7;7;4;4;8;7;7;8;6;7;6;2
193;6;7;7;5;3;2;3;4;8;7;8;6;2;3;3;3;8;6;7;6;4;1;1;1;7;8;8;6;4;1;0;3;8;8;7;5;3;1;4;4;7;7;7;4;0;3;2;5
194;7;7;7;6;5;4;2;0;8;7;7;7;3;5;3;2;8;8;8;8;5;5;5;2;7;6;7;7;5;3;3;1;7;8;7;6;4;1;2;1;7;7;7;7;3;4;2;5
195;8;7;7;7;7;8;3;1;8;8;8;7;7;6;5;5;8;7;8;7;6;7;2;2;8;8;8;6;7;7;3;3;7;7;7;5;5;5;3;4;8;7;7;6;6;5;2;0
196;8;8;8;8;5;2;5;6;8;8;8;7;2;1;2;4;8;5;6;6;1;2;3;3;6;6;6;6;5;3;4;5;8;8;7;8;6;2;4;3;8;8;7;8;6;0;2;3
197;7;7;5;8;6;6;4;6;8;6;7;6;3;5;4;7;7;7;5;6;3;7;4;3;8;8;7;8;4;4;4;6;6;8;6;7;4;5;6;5;7;7;5;5;4;4;6;7
198;8;8;7;6;6;2;1;7;8;5;8;7;7;1;0;2;8;7;7;5;4;3;4;4;8;7;8;7;7;3;4;4;8;7;8;8;8;4;3;3;7;7;6;4;4;2;1;3
199;8;7;8;5;4;6;5;5;8;6;4;5;4;5;3;2;7;6;6;4;6;5;6;4;8;8;7;5;6;4;4;2;8;8;7;7;7;6;5;6;8;7;7;7;8;7;7;4
200;8;8;7;7;6;3;3;4;6;6;4;6;4;5;4;5;8;7;6;7;3;2;1;4;7;8;7;8;7;7;4;1;6;5;3;4;7;4;2;2;6;6;4;5;4;4;2;3
201;7;6;5;5;6;3;1;4;8;5;6;5;4;3;3;2;7;7;3;2;2;1;4;5;6;5;5;6;4;5;4;4;6;5;6;6;5;3;4;4;6;6;6;6;4;3;2;4
202;4;4;3;3;3;1;2;2;5;5;4;2;2;0;3;2;3;3;4;2;2;1;1;1;7;6;4;3;3;3;1;2;7;7;7;6;2;2;2;0;6;5;5;5;2;1;0;1
203;7;7;6;6;4;2;0;3;8;5;5;8;6;0;3;1;7;6;5;5;5;2;2;2;7;6;6;6;5;2;3;5;6;7;7;7;5;3;3;4;6;4;4;3;3;2;3;3
204;7;7;7;6;5;3;4;2;7;8;5;6;3;3;3;6;8;7;7;6;4;4;5;2;8;8;7;5;4;4;1;0;8;7;7;5;4;4;3;4;8;8;5;3;3;2;2;3
205;5;5;5;5;3;2;3;2;3;3;4;3;1;2;2;2;6;5;3;3;3;3;1;2;8;8;7;8;4;3;2;3;6;6;6;7;4;2;1;3;8;8;3;5;4;4;2;1
206;4;3;3;2;2;0;0;2;2;2;2;2;0;1;2;1;2;1;0;1;0;2;1;4;2;1;2;1;2;0;1;1;3;3;2;2;2;1;1;1;1;1;0;2;1;0;2;1
207;1;1;0;1;1;0;0;0;2;1;1;1;2;0;1;0;1;2;2;2;2;0;1;0;1;1;2;2;0;0;1;1;0;2;1;1;2;0;2;0;1;0;0;1;1;1;0;1
208;6;5;5;6;7;7;7;5;5;5;7;6;7;6;5;5;7;6;7;8;5;1;4;3;8;8;6;8;7;6;5;3;5;7;8;8;5;5;4;2;6;5;6;5;4;4;4;3
209;8;6;6;4;3;1;1;4;8;7;7;6;4;1;3;5;8;8;6;4;5;1;1;3;8;7;4;4;6;2;1;1;8;8;7;7;6;4;3;3;8;8;8;8;6;4;4;4
210;8;7;6;6;2;3;1;0;8;8;7;8;3;3;6;5;8;8;8;8;4;2;2;2;8;8;8;7;7;2;2;4;8;6;7;8;4;3;1;1;8;5;5;7;2;3;2;2
211;7;6;6;7;5;4;1;1;8;7;7;6;2;2;2;4;7;5;5;4;1;4;3;2;8;7;6;5;4;3;2;1;7;6;5;4;3;0;1;1;8;8;8;8;2;1;2;1
212;8;8;8;7;8;7;5;7;8;8;8;7;6;3;6;5;8;7;6;4;5;4;6;5;8;8;7;7;8;5;3;7;8;8;8;8;8;8;5;5;8;8;7;7;8;7;6;4
213;7;7;7;8;5;3;3;6;6;6;7;7;4;4;3;7;7;3;3;4;6;5;5;3;7;6;6;7;6;5;5;6;6;6;6;6;5;2;2;2;5;6;7;6;4;4;3;3
214;5;5;2;3;4;3;3;5;5;5;3;2;5;4;4;4;6;7;5;6;5;3;2;3;4;3;4;5;3;3;3;2;4;4;4;4;5;5;2;2;5;4;4;4;5;4;4;2
215;7;6;7;5;5;4;3;4;8;7;4;6;5;3;4;3;8;7;6;1;4;2;1;1;8;8;3;3;3;4;2;1;8;7;6;6;6;4;5;3;8;6;4;4;2;2;2;3
216;8;6;5;5;5;3;3;2;6;7;7;6;2;2;2;2;6;7;7;5;2;1;2;4;7;6;7;7;6;5;1;0;8;6;7;5;5;2;3;2;5;5;5;4;6;2;1;2
217;8;7;4;5;7;6;2;3;7;7;6;6;5;3;0;1;8;6;6;5;4;3;2;1;8;7;8;8;7;4;0;1;6;7;5;6;5;3;1;2;8;7;6;6;6;3;1;2
218;7;7;7;7;6;6;3;6;6;6;5;6;7;8;5;4;6;6;7;6;8;3;4;4;8;8;6;7;6;6;7;7;8;8;7;8;4;6;6;5;8;3;4;6;6;5;5;5
219;7;8;6;4;4;4;5;6;5;7;4;6;3;3;3;3;7;7;6;5;4;2;4;3;8;7;3;6;5;7;4;4;6;6;3;3;6;6;3;6;7;4;6;4;1;2;4;2
220;7;5;6;6;3;8;3;1;6;6;4;6;5;5;3;1;6;7;7;6;6;7;3;1;8;5;8;6;7;5;5;3;8;7;6;4;5;2;3;0;7;6;7;6;6;7;3;2
221;8;7;7;7;5;2;1;2;8;8;7;6;6;3;3;2;8;7;7;4;6;1;3;1;8;8;8;6;4;1;2;3;8;8;5;6;4;0;0;1;8;7;6;3;2;1;1;0
222;7;5;6;5;5;4;4;4;8;8;6;5;6;4;4;4;8;5;3;1;2;1;4;6;8;8;8;8;6;7;7;6;8;6;7;7;7;7;6;5;8;8;7;7;3;4;0;3
223;8;7;7;5;6;3;1;4;8;6;6;7;6;3;0;3;8;6;6;5;4;3;2;4;7;7;8;7;8;3;4;2;8;8;6;7;5;4;3;2;7;8;6;6;6;5;2;2
224;8;8;7;5;7;5;5;7;8;8;7;8;5;4;4;6;7;7;5;5;4;5;3;4;8;8;8;8;8;8;8;8;8;8;7;7;8;7;7;7;8;8;7;6;6;6;6;8
225;7;7;7;4;0;1;0;1;7;7;7;2;1;3;1;3;7;7;7;3;2;1;1;3;8;8;8;7;7;4;2;2;8;8;8;8;5;2;0;1;8;8;7;8;5;1;2;3
226;8;7;8;7;2;0;1;2;8;8;8;4;4;2;3;2;8;6;4;2;4;3;4;3;8;8;8;8;8;7;6;7;8;8;8;7;6;4;4;4;8;8;7;6;6;7;6;4
227;5;3;4;5;5;6;6;7;8;8;7;6;6;6;5;6;7;6;6;6;6;5;4;6;4;4;2;3;2;1;7;6;6;6;6;5;4;3;3;4;6;5;6;7;6;6;6;6
228;7;7;5;6;6;2;4;3;6;7;7;4;5;5;2;3;7;8;5;5;3;3;2;3;7;7;7;7;5;3;4;2;7;7;5;5;4;1;3;2;7;8;7;5;4;0;2;0
229;8;6;7;5;3;5;1;2;8;7;6;4;2;3;3;2;7;6;4;4;2;1;1;1;6;5;3;3;3;3;3;5;6;4;4;2;3;4;1;4;6;5;5;6;4;2;3;7
230;7;7;5;7;4;1;1;4;7;7;6;3;5;2;0;3;6;5;6;5;5;2;2;4;8;8;8;8;7;5;4;0;8;6;5;5;5;1;0;4;7;6;6;6;4;4;4;3
231;8;8;6;5;5;4;1;6;7;7;7;6;4;2;1;4;7;8;6;5;4;3;0;3;7;5;5;5;4;2;2;3;6;5;5;4;2;2;3;4;5;5;5;4;3;3;3;3
232;8;7;7;4;5;5;6;4;6;6;5;7;6;2;2;0;7;5;5;4;4;1;2;2;8;6;6;7;5;4;1;2;7;6;5;6;4;3;4;3;8;6;7;8;4;2;2;4
233;8;4;5;4;1;3;2;5;6;5;6;4;1;2;2;5;8;7;6;2;2;3;0;3;8;6;6;7;5;4;2;5;8;6;6;6;3;2;4;2;6;7;7;4;4;1;3;5
234;8;5;4;4;2;0;1;1;7;7;5;6;4;3;2;0;8;7;3;3;3;0;1;2;8;6;6;3;4;0;2;3;8;7;7;5;4;3;3;0;8;7;7;4;2;3;3;2
235;8;6;2;3;5;3;2;2;7;5;3;3;3;3;2;3;5;5;4;4;0;1;1;1;7;6;4;3;6;4;0;3;6;4;3;5;3;2;3;4;8;5;5;5;4;2;4;1
236;8;8;6;5;3;3;1;2;8;7;6;5;3;4;3;2;6;4;4;3;4;1;2;2;6;5;4;2;2;1;3;4;7;5;5;4;2;1;0;2;8;8;7;5;3;4;4;2
237;6;7;5;6;6;7;3;2;8;8;7;4;3;6;1;2;6;6;6;6;6;3;1;1;7;8;6;5;7;7;3;4;7;6;4;7;5;6;4;3;8;8;7;5;5;8;6;6
238;6;5;4;3;2;3;5;3;6;6;6;4;6;6;5;5;7;4;4;3;4;2;0;1;7;4;3;4;4;2;3;2;6;6;5;2;3;4;3;4;5;3;3;4;2;2;2;2
239;8;8;6;7;7;7;4;3;7;7;7;7;6;5;3;3;6;7;6;6;4;4;1;3;8;7;8;7;8;5;5;2;8;6;8;6;7;6;5;3;7;7;6;6;7;4;3;4
240;4;3;3;2;4;5;2;2;5;5;5;4;5;7;1;3;3;4;4;5;5;5;3;1;6;5;4;6;7;6;2;4;8;5;5;6;5;4;2;6;8;8;7;6;5;6;2;4
241;8;8;6;4;5;2;2;4;8;7;6;6;4;2;0;0;8;8;8;7;4;1;2;4;7;7;8;5;4;3;2;2;8;8;6;4;0;2;1;2;8;8;7;5;2;2;3;1
242;7;7;7;5;4;3;2;1;7;5;7;6;7;6;2;3;7;6;7;6;6;3;2;2;7;7;8;8;7;8;4;4;8;7;7;8;8;7;4;5;7;8;7;6;8;6;5;2
243;8;8;8;8;6;3;1;6;7;6;7;6;5;4;5;4;8;7;7;7;6;3;3;5;8;8;6;7;7;5;5;2;7;8;7;5;6;3;1;2;8;5;5;4;6;5;7;2
244;8;8;8;8;8;8;5;6;6;7;7;6;7;7;6;6;8;8;8;8;8;8;4;4;8;8;8;7;7;7;5;5;8;8;7;7;8;6;5;5;8;6;6;7;5;3;4;4
245;8;8;8;8;8;8;5;6;8;7;7;6;8;7;8;7;7;5;7;6;7;5;3;6;7;8;7;6;7;7;6;5;8;7;7;8;6;6;6;7;7;6;7;6;6;5;5;6
246;7;7;7;6;3;1;3;5;8;7;8;8;3;1;2;7;8;8;8;8;4;2;4;6;8;8;7;7;3;4;7;5;8;7;6;5;4;4;1;6;8;6;7;7;5;3;1;5
247;6;8;5;5;1;0;1;3;7;5;7;4;4;2;2;1;8;5;5;5;2;2;3;4;8;7;6;7;8;4;1;0;5;6;5;5;5;0;2;3;7;6;7;6;5;1;1;2
248;7;6;6;4;4;4;1;3;8;7;5;5;4;4;2;2;7;6;6;4;5;5;2;4;7;6;6;7;7;4;4;4;7;8;7;5;5;3;0;2;8;6;6;7;6;2;1;2
249;8;8;7;5;3;2;2;1;8;7;7;6;2;1;2;4;8;8;5;4;5;3;4;2;7;6;4;4;6;2;5;1;8;8;6;5;6;3;1;3;7;7;6;6;6;2;0;3
250;5;5;4;3;4;3;2;1;8;4;4;6;5;2;3;0;6;5;5;6;1;2;0;2;8;7;5;4;3;2;2;3;7;7;6;3;2;0;1;4;5;4;4;5;1;1;1;3
251;7;6;7;7;6;6;5;6;5;6;6;4;5;4;5;4;2;4;3;6;4;3;3;1;6;8;6;7;2;3;6;6;6;7;4;5;4;2;2;3;4;5;5;5;4;5;4;3
252;8;7;2;2;5;3;5;5;8;6;4;5;4;2;0;1;8;3;2;3;3;2;3;2;6;5;4;3;1;4;2;2;6;7;5;5;4;4;3;4;3;4;4;4;4;2;3;2
253;6;6;6;5;2;4;2;3;8;6;6;5;3;2;4;0;7;6;6;6;4;1;0;0;6;5;4;4;2;1;0;1;5;4;4;5;5;1;2;1;8;7;7;4;5;3;2;1
254;7;7;5;7;5;3;4;2;5;5;2;2;2;4;5;6;4;4;4;6;4;5;3;3;7;8;7;8;5;5;2;6;6;7;4;6;4;4;4;5;7;8;7;7;5;6;3;5
255;7;7;7;8;6;6;5;5;7;7;8;7;4;5;3;2;7;6;7;5;5;4;2;2;8;8;8;7;5;4;3;4;8;8;6;6;5;5;2;4;6;7;5;4;5;4;3;1
256;7;7;7;8;7;4;4;3;7;6;7;6;5;3;2;2;6;5;5;4;4;2;2;1;7;6;7;8;8;5;5;5;7;7;8;6;7;4;4;3;8;7;7;7;7;5;5;4
257;6;6;6;4;6;6;7;8;7;8;6;6;6;7;8;7;8;7;6;5;6;7;8;8;4;4;7;8;8;8;8;7;6;5;7;7;8;8;8;8;7;6;4;6;8;8;7;8
258;8;8;5;4;6;7;2;1;7;7;6;5;7;6;3;3;8;7;7;7;7;7;1;3;8;8;8;8;7;6;5;2;7;6;5;7;7;5;1;0;6;5;5;4;2;1;1;1
259;7;6;5;6;3;2;3;2;8;7;7;6;5;4;4;6;7;7;7;6;3;4;5;4;7;7;6;6;4;3;2;3;8;8;8;8;3;3;4;3;7;7;6;3;4;3;3;3
260;7;7;7;7;8;5;5;4;7;7;7;8;6;6;3;3;7;7;7;7;6;5;4;5;5;6;7;7;7;6;5;7;8;8;8;6;6;5;5;5;8;6;5;4;8;7;6;6
261;8;7;6;3;1;1;2;2;7;6;6;4;2;4;1;0;7;5;1;2;2;1;0;1;7;5;5;6;3;2;2;3;8;5;5;4;4;3;4;5;7;6;1;1;1;3;4;2
262;8;8;8;7;4;5;5;3;8;7;6;4;3;3;0;1;7;8;6;5;6;4;3;2;7;8;7;7;7;7;4;2;8;8;8;8;7;6;5;5;8;6;6;4;3;3;4;3
263;7;7;4;3;6;5;1;2;7;8;5;4;4;2;5;4;7;7;8;8;7;7;4;4;7;7;4;4;5;6;2;4;8;8;7;6;6;6;2;3;7;7;7;7;4;4;3;5
264;7;5;6;5;5;5;5;3;7;5;4;5;3;3;1;3;2;3;4;1;5;1;2;3;7;7;7;6;5;2;2;4;6;6;3;2;5;2;3;4;5;4;2;4;6;4;5;5
265;8;6;4;1;3;2;1;2;8;7;5;6;5;5;4;1;8;6;4;3;4;4;1;1;5;4;4;4;5;4;3;5;7;5;6;4;4;4;5;6;7;7;4;4;5;1;4;3
266;7;3;3;4;6;1;0;3;4;3;3;3;4;1;0;0;3;1;0;1;0;1;1;3;5;3;3;3;1;2;0;2;6;3;3;3;3;1;2;1;6;2;2;3;0;1;1;2
267;5;4;3;3;1;1;1;5;6;5;3;3;1;1;3;4;6;5;4;2;1;4;6;4;7;6;6;7;6;3;4;3;5;5;5;5;5;4;4;2;7;7;8;5;7;1;4;5
268;7;7;7;7;5;3;1;3;8;6;6;6;6;1;2;1;8;7;6;6;6;3;3;1;8;8;7;7;5;2;2;1;7;7;7;6;4;1;3;2;8;7;7;7;4;0;2;3
269;7;5;6;6;3;4;1;2;6;6;6;5;4;2;3;4;5;3;2;3;3;5;2;1;6;8;6;5;6;5;5;7;7;6;6;5;3;5;3;1;5;3;4;4;2;5;0;2
270;8;8;7;7;5;5;3;5;8;7;7;5;5;5;4;3;7;7;7;7;3;2;2;2;6;6;7;7;7;5;4;3;7;4;4;6;4;3;4;1;6;3;4;1;3;1;2;2
271;8;8;7;7;7;7;7;7;8;8;7;7;6;5;5;7;8;8;8;6;8;7;7;7;8;7;8;7;6;8;7;6;8;8;8;6;7;7;7;7;8;8;8;8;8;7;8;8
272;7;8;7;7;5;5;1;2;7;8;4;5;3;5;0;0;7;8;6;5;4;6;1;2;7;7;5;7;6;5;3;2;6;7;7;6;7;4;1;1;6;8;8;7;3;5;1;1
273;8;6;7;6;4;4;4;4;7;8;7;3;6;7;2;6;6;4;5;3;6;5;2;4;6;8;8;8;7;6;2;5;8;7;8;6;6;7;5;8;7;7;7;6;6;7;5;3
